timestamp, utilization.gpu [%]
2018/10/11 15:03:01.487, 0 %
2018/10/11 15:03:01.488, 0 %
2018/10/11 15:03:01.490, 0 %
2018/10/11 15:03:01.491, 0 %
2018/10/11 15:03:01.493, 0 %
2018/10/11 15:03:01.494, 0 %
2018/10/11 15:03:01.496, 0 %
2018/10/11 15:03:01.499, 0 %
2018/10/11 15:03:01.501, 0 %
2018/10/11 15:03:01.504, 0 %
2018/10/11 15:03:01.506, 0 %
2018/10/11 15:03:01.507, 0 %
2018/10/11 15:03:02.509, 0 %
2018/10/11 15:03:02.510, 0 %
2018/10/11 15:03:02.510, 0 %
2018/10/11 15:03:02.510, 0 %
2018/10/11 15:03:02.511, 0 %
2018/10/11 15:03:02.511, 0 %
2018/10/11 15:03:02.512, 0 %
2018/10/11 15:03:02.512, 0 %
2018/10/11 15:03:02.513, 0 %
2018/10/11 15:03:02.513, 0 %
2018/10/11 15:03:02.514, 0 %
2018/10/11 15:03:02.514, 0 %
2018/10/11 15:03:03.515, 0 %
2018/10/11 15:03:03.516, 0 %
2018/10/11 15:03:03.517, 0 %
2018/10/11 15:03:03.517, 0 %
2018/10/11 15:03:03.518, 0 %
2018/10/11 15:03:03.518, 0 %
2018/10/11 15:03:03.519, 0 %
2018/10/11 15:03:03.519, 0 %
2018/10/11 15:03:03.519, 0 %
2018/10/11 15:03:03.520, 0 %
2018/10/11 15:03:03.520, 0 %
2018/10/11 15:03:03.521, 0 %
2018/10/11 15:03:04.521, 0 %
2018/10/11 15:03:04.522, 0 %
2018/10/11 15:03:04.523, 0 %
2018/10/11 15:03:04.525, 0 %
2018/10/11 15:03:04.526, 0 %
2018/10/11 15:03:04.527, 0 %
2018/10/11 15:03:04.528, 0 %
2018/10/11 15:03:04.529, 0 %
2018/10/11 15:03:04.530, 0 %
2018/10/11 15:03:04.531, 0 %
2018/10/11 15:03:04.532, 0 %
2018/10/11 15:03:04.533, 0 %
2018/10/11 15:03:05.534, 0 %
2018/10/11 15:03:05.535, 0 %
2018/10/11 15:03:05.536, 0 %
2018/10/11 15:03:05.537, 0 %
2018/10/11 15:03:05.538, 0 %
2018/10/11 15:03:05.539, 0 %
2018/10/11 15:03:05.540, 1 %
2018/10/11 15:03:05.542, 0 %
2018/10/11 15:03:05.543, 0 %
2018/10/11 15:03:05.544, 0 %
2018/10/11 15:03:05.547, 0 %
2018/10/11 15:03:05.549, 0 %
2018/10/11 15:03:06.550, 0 %
2018/10/11 15:03:06.550, 0 %
2018/10/11 15:03:06.551, 0 %
2018/10/11 15:03:06.551, 0 %
2018/10/11 15:03:06.553, 0 %
2018/10/11 15:03:06.554, 0 %
2018/10/11 15:03:06.555, 36 %
2018/10/11 15:03:06.555, 0 %
2018/10/11 15:03:06.556, 0 %
2018/10/11 15:03:06.557, 0 %
2018/10/11 15:03:06.558, 0 %
2018/10/11 15:03:06.558, 0 %
2018/10/11 15:03:07.559, 0 %
2018/10/11 15:03:07.559, 0 %
2018/10/11 15:03:07.560, 0 %
2018/10/11 15:03:07.560, 0 %
2018/10/11 15:03:07.560, 0 %
2018/10/11 15:03:07.561, 0 %
2018/10/11 15:03:07.561, 0 %
2018/10/11 15:03:07.561, 0 %
2018/10/11 15:03:07.562, 0 %
2018/10/11 15:03:07.562, 0 %
2018/10/11 15:03:07.563, 0 %
2018/10/11 15:03:07.563, 0 %
2018/10/11 15:03:08.563, 0 %
2018/10/11 15:03:08.564, 0 %
2018/10/11 15:03:08.564, 0 %
2018/10/11 15:03:08.564, 0 %
2018/10/11 15:03:08.564, 0 %
2018/10/11 15:03:08.565, 0 %
2018/10/11 15:03:08.565, 0 %
2018/10/11 15:03:08.565, 0 %
2018/10/11 15:03:08.566, 0 %
2018/10/11 15:03:08.566, 0 %
2018/10/11 15:03:08.566, 0 %
2018/10/11 15:03:08.567, 0 %
2018/10/11 15:03:09.567, 0 %
2018/10/11 15:03:09.567, 0 %
2018/10/11 15:03:09.568, 0 %
2018/10/11 15:03:09.568, 0 %
2018/10/11 15:03:09.568, 0 %
2018/10/11 15:03:09.569, 0 %
2018/10/11 15:03:09.569, 30 %
2018/10/11 15:03:09.569, 0 %
2018/10/11 15:03:09.570, 0 %
2018/10/11 15:03:09.570, 0 %
2018/10/11 15:03:09.571, 0 %
2018/10/11 15:03:09.571, 0 %
2018/10/11 15:03:10.571, 0 %
2018/10/11 15:03:10.572, 0 %
2018/10/11 15:03:10.572, 0 %
2018/10/11 15:03:10.572, 0 %
2018/10/11 15:03:10.573, 0 %
2018/10/11 15:03:10.573, 0 %
2018/10/11 15:03:10.573, 0 %
2018/10/11 15:03:10.574, 0 %
2018/10/11 15:03:10.574, 0 %
2018/10/11 15:03:10.576, 0 %
2018/10/11 15:03:10.576, 0 %
2018/10/11 15:03:10.577, 0 %
2018/10/11 15:03:11.577, 0 %
2018/10/11 15:03:11.577, 0 %
2018/10/11 15:03:11.578, 0 %
2018/10/11 15:03:11.578, 0 %
2018/10/11 15:03:11.578, 0 %
2018/10/11 15:03:11.578, 0 %
2018/10/11 15:03:11.579, 2 %
2018/10/11 15:03:11.579, 0 %
2018/10/11 15:03:11.580, 0 %
2018/10/11 15:03:11.580, 0 %
2018/10/11 15:03:11.580, 0 %
2018/10/11 15:03:11.581, 0 %
2018/10/11 15:03:12.581, 0 %
2018/10/11 15:03:12.581, 0 %
2018/10/11 15:03:12.582, 0 %
2018/10/11 15:03:12.582, 0 %
2018/10/11 15:03:12.582, 0 %
2018/10/11 15:03:12.583, 0 %
2018/10/11 15:03:12.583, 100 %
2018/10/11 15:03:12.583, 0 %
2018/10/11 15:03:12.584, 0 %
2018/10/11 15:03:12.584, 0 %
2018/10/11 15:03:12.586, 0 %
2018/10/11 15:03:12.586, 0 %
2018/10/11 15:03:13.586, 0 %
2018/10/11 15:03:13.587, 0 %
2018/10/11 15:03:13.587, 0 %
2018/10/11 15:03:13.587, 0 %
2018/10/11 15:03:13.588, 0 %
2018/10/11 15:03:13.588, 0 %
2018/10/11 15:03:13.588, 100 %
2018/10/11 15:03:13.589, 0 %
2018/10/11 15:03:13.589, 0 %
2018/10/11 15:03:13.590, 0 %
2018/10/11 15:03:13.590, 0 %
2018/10/11 15:03:13.590, 0 %
2018/10/11 15:03:14.591, 0 %
2018/10/11 15:03:14.591, 0 %
2018/10/11 15:03:14.591, 0 %
2018/10/11 15:03:14.592, 0 %
2018/10/11 15:03:14.592, 0 %
2018/10/11 15:03:14.592, 0 %
2018/10/11 15:03:14.593, 0 %
2018/10/11 15:03:14.593, 0 %
2018/10/11 15:03:14.593, 0 %
2018/10/11 15:03:14.594, 0 %
2018/10/11 15:03:14.594, 0 %
2018/10/11 15:03:14.594, 0 %
2018/10/11 15:03:15.596, 0 %
2018/10/11 15:03:15.596, 0 %
2018/10/11 15:03:15.598, 0 %
2018/10/11 15:03:15.598, 0 %
2018/10/11 15:03:15.599, 0 %
2018/10/11 15:03:15.599, 0 %
2018/10/11 15:03:15.599, 0 %
2018/10/11 15:03:15.600, 0 %
2018/10/11 15:03:15.600, 0 %
2018/10/11 15:03:15.601, 0 %
2018/10/11 15:03:15.601, 0 %
2018/10/11 15:03:15.601, 0 %
2018/10/11 15:03:16.604, 0 %
2018/10/11 15:03:16.604, 0 %
2018/10/11 15:03:16.604, 0 %
2018/10/11 15:03:16.605, 0 %
2018/10/11 15:03:16.607, 0 %
2018/10/11 15:03:16.607, 0 %
2018/10/11 15:03:16.608, 0 %
2018/10/11 15:03:16.608, 0 %
2018/10/11 15:03:16.609, 0 %
2018/10/11 15:03:16.609, 0 %
2018/10/11 15:03:16.609, 0 %
2018/10/11 15:03:16.610, 0 %
2018/10/11 15:03:17.610, 0 %
2018/10/11 15:03:17.610, 0 %
2018/10/11 15:03:17.610, 0 %
2018/10/11 15:03:17.611, 0 %
2018/10/11 15:03:17.611, 0 %
2018/10/11 15:03:17.611, 0 %
2018/10/11 15:03:17.612, 0 %
2018/10/11 15:03:17.612, 0 %
2018/10/11 15:03:17.612, 0 %
2018/10/11 15:03:17.613, 0 %
2018/10/11 15:03:17.613, 0 %
2018/10/11 15:03:17.614, 0 %
2018/10/11 15:03:18.614, 0 %
2018/10/11 15:03:18.614, 0 %
2018/10/11 15:03:18.614, 0 %
2018/10/11 15:03:18.615, 0 %
2018/10/11 15:03:18.615, 0 %
2018/10/11 15:03:18.615, 0 %
2018/10/11 15:03:18.616, 0 %
2018/10/11 15:03:18.616, 0 %
2018/10/11 15:03:18.617, 0 %
2018/10/11 15:03:18.617, 0 %
2018/10/11 15:03:18.617, 0 %
2018/10/11 15:03:18.618, 0 %
2018/10/11 15:03:19.618, 0 %
2018/10/11 15:03:19.618, 0 %
2018/10/11 15:03:19.619, 0 %
2018/10/11 15:03:19.619, 0 %
2018/10/11 15:03:19.619, 0 %
2018/10/11 15:03:19.619, 0 %
2018/10/11 15:03:19.620, 0 %
2018/10/11 15:03:19.620, 0 %
2018/10/11 15:03:19.621, 0 %
2018/10/11 15:03:19.621, 0 %
2018/10/11 15:03:19.621, 0 %
2018/10/11 15:03:19.622, 0 %
2018/10/11 15:03:20.622, 0 %
2018/10/11 15:03:20.622, 0 %
2018/10/11 15:03:20.623, 0 %
2018/10/11 15:03:20.623, 0 %
2018/10/11 15:03:20.623, 0 %
2018/10/11 15:03:20.624, 0 %
2018/10/11 15:03:20.624, 100 %
2018/10/11 15:03:20.625, 0 %
2018/10/11 15:03:20.625, 0 %
2018/10/11 15:03:20.626, 0 %
2018/10/11 15:03:20.626, 0 %
2018/10/11 15:03:20.626, 0 %
2018/10/11 15:03:21.627, 0 %
2018/10/11 15:03:21.627, 0 %
2018/10/11 15:03:21.627, 0 %
2018/10/11 15:03:21.628, 0 %
2018/10/11 15:03:21.628, 0 %
2018/10/11 15:03:21.628, 0 %
2018/10/11 15:03:21.629, 0 %
2018/10/11 15:03:21.629, 0 %
2018/10/11 15:03:21.630, 0 %
2018/10/11 15:03:21.630, 0 %
2018/10/11 15:03:21.631, 0 %
2018/10/11 15:03:21.632, 0 %
2018/10/11 15:03:22.633, 0 %
2018/10/11 15:03:22.633, 0 %
2018/10/11 15:03:22.635, 0 %
2018/10/11 15:03:22.635, 0 %
2018/10/11 15:03:22.636, 0 %
2018/10/11 15:03:22.636, 0 %
2018/10/11 15:03:22.637, 0 %
2018/10/11 15:03:22.637, 0 %
2018/10/11 15:03:22.638, 0 %
2018/10/11 15:03:22.639, 0 %
2018/10/11 15:03:22.640, 0 %
2018/10/11 15:03:22.640, 0 %
2018/10/11 15:03:23.641, 0 %
2018/10/11 15:03:23.641, 0 %
2018/10/11 15:03:23.641, 0 %
2018/10/11 15:03:23.642, 0 %
2018/10/11 15:03:23.643, 0 %
2018/10/11 15:03:23.643, 0 %
2018/10/11 15:03:23.643, 100 %
2018/10/11 15:03:23.644, 0 %
2018/10/11 15:03:23.644, 0 %
2018/10/11 15:03:23.644, 0 %
2018/10/11 15:03:23.645, 0 %
2018/10/11 15:03:23.645, 0 %
2018/10/11 15:03:24.645, 0 %
2018/10/11 15:03:24.646, 0 %
2018/10/11 15:03:24.646, 0 %
2018/10/11 15:03:24.646, 0 %
2018/10/11 15:03:24.647, 0 %
2018/10/11 15:03:24.647, 0 %
2018/10/11 15:03:24.647, 100 %
2018/10/11 15:03:24.648, 0 %
2018/10/11 15:03:24.648, 0 %
2018/10/11 15:03:24.648, 0 %
2018/10/11 15:03:24.649, 0 %
2018/10/11 15:03:24.649, 0 %
2018/10/11 15:03:25.649, 0 %
2018/10/11 15:03:25.650, 0 %
2018/10/11 15:03:25.650, 0 %
2018/10/11 15:03:25.650, 0 %
2018/10/11 15:03:25.651, 0 %
2018/10/11 15:03:25.651, 0 %
2018/10/11 15:03:25.651, 0 %
2018/10/11 15:03:25.651, 0 %
2018/10/11 15:03:25.652, 0 %
2018/10/11 15:03:25.652, 0 %
2018/10/11 15:03:25.653, 0 %
2018/10/11 15:03:25.653, 0 %
2018/10/11 15:03:26.653, 0 %
2018/10/11 15:03:26.653, 0 %
2018/10/11 15:03:26.654, 0 %
2018/10/11 15:03:26.654, 0 %
2018/10/11 15:03:26.654, 0 %
2018/10/11 15:03:26.655, 0 %
2018/10/11 15:03:26.655, 0 %
2018/10/11 15:03:26.655, 0 %
2018/10/11 15:03:26.656, 0 %
2018/10/11 15:03:26.656, 0 %
2018/10/11 15:03:26.657, 0 %
2018/10/11 15:03:26.657, 0 %
2018/10/11 15:03:27.657, 0 %
2018/10/11 15:03:27.658, 0 %
2018/10/11 15:03:27.658, 0 %
2018/10/11 15:03:27.658, 0 %
2018/10/11 15:03:27.659, 0 %
2018/10/11 15:03:27.659, 0 %
2018/10/11 15:03:27.659, 0 %
2018/10/11 15:03:27.660, 0 %
2018/10/11 15:03:27.660, 0 %
2018/10/11 15:03:27.660, 0 %
2018/10/11 15:03:27.661, 0 %
2018/10/11 15:03:27.661, 0 %
2018/10/11 15:03:28.662, 0 %
2018/10/11 15:03:28.662, 0 %
2018/10/11 15:03:28.662, 0 %
2018/10/11 15:03:28.662, 0 %
2018/10/11 15:03:28.663, 0 %
2018/10/11 15:03:28.663, 0 %
2018/10/11 15:03:28.664, 0 %
2018/10/11 15:03:28.664, 0 %
2018/10/11 15:03:28.664, 0 %
2018/10/11 15:03:28.665, 0 %
2018/10/11 15:03:28.665, 0 %
2018/10/11 15:03:28.665, 0 %
2018/10/11 15:03:29.666, 0 %
2018/10/11 15:03:29.666, 0 %
2018/10/11 15:03:29.666, 0 %
2018/10/11 15:03:29.667, 0 %
2018/10/11 15:03:29.667, 0 %
2018/10/11 15:03:29.667, 0 %
2018/10/11 15:03:29.668, 0 %
2018/10/11 15:03:29.668, 0 %
2018/10/11 15:03:29.668, 0 %
2018/10/11 15:03:29.669, 0 %
2018/10/11 15:03:29.669, 0 %
2018/10/11 15:03:29.669, 0 %
2018/10/11 15:03:30.670, 0 %
2018/10/11 15:03:30.670, 0 %
2018/10/11 15:03:30.670, 0 %
2018/10/11 15:03:30.671, 0 %
2018/10/11 15:03:30.671, 0 %
2018/10/11 15:03:30.671, 0 %
2018/10/11 15:03:30.672, 0 %
2018/10/11 15:03:30.673, 0 %
2018/10/11 15:03:30.673, 0 %
2018/10/11 15:03:30.674, 0 %
2018/10/11 15:03:30.674, 0 %
2018/10/11 15:03:30.675, 0 %
2018/10/11 15:03:31.675, 0 %
2018/10/11 15:03:31.675, 0 %
2018/10/11 15:03:31.676, 0 %
2018/10/11 15:03:31.676, 0 %
2018/10/11 15:03:31.676, 0 %
2018/10/11 15:03:31.676, 0 %
2018/10/11 15:03:31.677, 0 %
2018/10/11 15:03:31.677, 0 %
2018/10/11 15:03:31.678, 0 %
2018/10/11 15:03:31.678, 0 %
2018/10/11 15:03:31.678, 0 %
2018/10/11 15:03:31.679, 0 %
2018/10/11 15:03:32.679, 0 %
2018/10/11 15:03:32.680, 0 %
2018/10/11 15:03:32.680, 0 %
2018/10/11 15:03:32.680, 0 %
2018/10/11 15:03:32.681, 0 %
2018/10/11 15:03:32.681, 0 %
2018/10/11 15:03:32.682, 2 %
2018/10/11 15:03:32.682, 0 %
2018/10/11 15:03:32.683, 0 %
2018/10/11 15:03:32.684, 0 %
2018/10/11 15:03:32.684, 0 %
2018/10/11 15:03:32.685, 0 %
2018/10/11 15:03:33.686, 0 %
2018/10/11 15:03:33.686, 0 %
2018/10/11 15:03:33.686, 0 %
2018/10/11 15:03:33.686, 0 %
2018/10/11 15:03:33.687, 0 %
2018/10/11 15:03:33.687, 0 %
2018/10/11 15:03:33.688, 0 %
2018/10/11 15:03:33.689, 0 %
2018/10/11 15:03:33.691, 0 %
2018/10/11 15:03:33.691, 0 %
2018/10/11 15:03:33.691, 0 %
2018/10/11 15:03:33.692, 0 %
2018/10/11 15:03:34.692, 0 %
2018/10/11 15:03:34.692, 0 %
2018/10/11 15:03:34.693, 0 %
2018/10/11 15:03:34.693, 0 %
2018/10/11 15:03:34.693, 0 %
2018/10/11 15:03:34.694, 0 %
2018/10/11 15:03:34.694, 0 %
2018/10/11 15:03:34.694, 0 %
2018/10/11 15:03:34.695, 0 %
2018/10/11 15:03:34.695, 0 %
2018/10/11 15:03:34.696, 0 %
2018/10/11 15:03:34.696, 0 %
2018/10/11 15:03:35.696, 0 %
2018/10/11 15:03:35.697, 0 %
2018/10/11 15:03:35.697, 0 %
2018/10/11 15:03:35.697, 0 %
2018/10/11 15:03:35.698, 0 %
2018/10/11 15:03:35.698, 0 %
2018/10/11 15:03:35.698, 0 %
2018/10/11 15:03:35.699, 0 %
2018/10/11 15:03:35.699, 0 %
2018/10/11 15:03:35.701, 0 %
2018/10/11 15:03:35.702, 0 %
2018/10/11 15:03:35.702, 0 %
2018/10/11 15:03:36.703, 0 %
2018/10/11 15:03:36.704, 0 %
2018/10/11 15:03:36.704, 0 %
2018/10/11 15:03:36.705, 0 %
2018/10/11 15:03:36.705, 0 %
2018/10/11 15:03:36.705, 0 %
2018/10/11 15:03:36.706, 0 %
2018/10/11 15:03:36.706, 0 %
2018/10/11 15:03:36.707, 0 %
2018/10/11 15:03:36.708, 0 %
2018/10/11 15:03:36.708, 0 %
2018/10/11 15:03:36.708, 0 %
2018/10/11 15:03:37.709, 0 %
2018/10/11 15:03:37.709, 0 %
2018/10/11 15:03:37.710, 0 %
2018/10/11 15:03:37.710, 0 %
2018/10/11 15:03:37.710, 0 %
2018/10/11 15:03:37.711, 0 %
2018/10/11 15:03:37.711, 90 %
2018/10/11 15:03:37.712, 0 %
2018/10/11 15:03:37.712, 0 %
2018/10/11 15:03:37.712, 0 %
2018/10/11 15:03:37.713, 0 %
2018/10/11 15:03:37.713, 0 %
2018/10/11 15:03:38.713, 0 %
2018/10/11 15:03:38.714, 0 %
2018/10/11 15:03:38.714, 0 %
2018/10/11 15:03:38.714, 0 %
2018/10/11 15:03:38.715, 0 %
2018/10/11 15:03:38.715, 0 %
2018/10/11 15:03:38.716, 93 %
2018/10/11 15:03:38.716, 0 %
2018/10/11 15:03:38.716, 0 %
2018/10/11 15:03:38.717, 0 %
2018/10/11 15:03:38.717, 0 %
2018/10/11 15:03:38.719, 0 %
2018/10/11 15:03:39.719, 0 %
2018/10/11 15:03:39.719, 0 %
2018/10/11 15:03:39.720, 0 %
2018/10/11 15:03:39.720, 0 %
2018/10/11 15:03:39.720, 0 %
2018/10/11 15:03:39.721, 0 %
2018/10/11 15:03:39.721, 95 %
2018/10/11 15:03:39.722, 0 %
2018/10/11 15:03:39.722, 0 %
2018/10/11 15:03:39.723, 0 %
2018/10/11 15:03:39.723, 0 %
2018/10/11 15:03:39.723, 0 %
2018/10/11 15:03:40.724, 0 %
2018/10/11 15:03:40.724, 0 %
2018/10/11 15:03:40.724, 0 %
2018/10/11 15:03:40.725, 0 %
2018/10/11 15:03:40.725, 0 %
2018/10/11 15:03:40.726, 0 %
2018/10/11 15:03:40.727, 2 %
2018/10/11 15:03:40.727, 0 %
2018/10/11 15:03:40.727, 0 %
2018/10/11 15:03:40.728, 0 %
2018/10/11 15:03:40.728, 0 %
2018/10/11 15:03:40.730, 0 %
2018/10/11 15:03:41.730, 0 %
2018/10/11 15:03:41.732, 0 %
2018/10/11 15:03:41.732, 0 %
2018/10/11 15:03:41.733, 0 %
2018/10/11 15:03:41.733, 0 %
2018/10/11 15:03:41.734, 0 %
2018/10/11 15:03:41.734, 2 %
2018/10/11 15:03:41.735, 0 %
2018/10/11 15:03:41.735, 0 %
2018/10/11 15:03:41.736, 0 %
2018/10/11 15:03:41.736, 0 %
2018/10/11 15:03:41.737, 0 %
2018/10/11 15:03:42.737, 0 %
2018/10/11 15:03:42.738, 0 %
2018/10/11 15:03:42.738, 0 %
2018/10/11 15:03:42.738, 0 %
2018/10/11 15:03:42.739, 0 %
2018/10/11 15:03:42.739, 0 %
2018/10/11 15:03:42.739, 5 %
2018/10/11 15:03:42.740, 0 %
2018/10/11 15:03:42.740, 0 %
2018/10/11 15:03:42.741, 0 %
2018/10/11 15:03:42.741, 0 %
2018/10/11 15:03:42.741, 0 %
2018/10/11 15:03:43.742, 0 %
2018/10/11 15:03:43.742, 0 %
2018/10/11 15:03:43.742, 0 %
2018/10/11 15:03:43.743, 0 %
2018/10/11 15:03:43.743, 0 %
2018/10/11 15:03:43.744, 0 %
2018/10/11 15:03:43.744, 32 %
2018/10/11 15:03:43.745, 0 %
2018/10/11 15:03:43.746, 0 %
2018/10/11 15:03:43.747, 0 %
2018/10/11 15:03:43.748, 0 %
2018/10/11 15:03:43.748, 0 %
2018/10/11 15:03:44.748, 0 %
2018/10/11 15:03:44.750, 0 %
2018/10/11 15:03:44.750, 0 %
2018/10/11 15:03:44.750, 0 %
2018/10/11 15:03:44.751, 0 %
2018/10/11 15:03:44.751, 0 %
2018/10/11 15:03:44.752, 2 %
2018/10/11 15:03:44.753, 0 %
2018/10/11 15:03:44.753, 0 %
2018/10/11 15:03:44.754, 0 %
2018/10/11 15:03:44.754, 0 %
2018/10/11 15:03:44.755, 0 %
2018/10/11 15:03:45.755, 0 %
2018/10/11 15:03:45.755, 0 %
2018/10/11 15:03:45.756, 0 %
2018/10/11 15:03:45.756, 0 %
2018/10/11 15:03:45.756, 0 %
2018/10/11 15:03:45.756, 0 %
2018/10/11 15:03:45.757, 22 %
2018/10/11 15:03:45.757, 0 %
2018/10/11 15:03:45.758, 0 %
2018/10/11 15:03:45.760, 0 %
2018/10/11 15:03:45.761, 0 %
2018/10/11 15:03:45.761, 0 %
2018/10/11 15:03:46.762, 0 %
2018/10/11 15:03:46.762, 0 %
2018/10/11 15:03:46.764, 0 %
2018/10/11 15:03:46.764, 0 %
2018/10/11 15:03:46.765, 0 %
2018/10/11 15:03:46.765, 0 %
2018/10/11 15:03:46.766, 6 %
2018/10/11 15:03:46.766, 0 %
2018/10/11 15:03:46.767, 0 %
2018/10/11 15:03:46.767, 0 %
2018/10/11 15:03:46.768, 0 %
2018/10/11 15:03:46.768, 0 %
2018/10/11 15:03:47.769, 0 %
2018/10/11 15:03:47.769, 0 %
2018/10/11 15:03:47.770, 0 %
2018/10/11 15:03:47.770, 0 %
2018/10/11 15:03:47.771, 0 %
2018/10/11 15:03:47.771, 0 %
2018/10/11 15:03:47.772, 2 %
2018/10/11 15:03:47.772, 0 %
2018/10/11 15:03:47.773, 0 %
2018/10/11 15:03:47.773, 0 %
2018/10/11 15:03:47.774, 0 %
2018/10/11 15:03:47.775, 0 %
2018/10/11 15:03:48.776, 0 %
2018/10/11 15:03:48.777, 0 %
2018/10/11 15:03:48.777, 0 %
2018/10/11 15:03:48.778, 0 %
2018/10/11 15:03:48.778, 0 %
2018/10/11 15:03:48.779, 0 %
2018/10/11 15:03:48.779, 2 %
2018/10/11 15:03:48.780, 0 %
2018/10/11 15:03:48.780, 0 %
2018/10/11 15:03:48.781, 0 %
2018/10/11 15:03:48.781, 0 %
2018/10/11 15:03:48.783, 0 %
2018/10/11 15:03:49.783, 0 %
2018/10/11 15:03:49.784, 0 %
2018/10/11 15:03:49.784, 0 %
2018/10/11 15:03:49.784, 0 %
2018/10/11 15:03:49.785, 0 %
2018/10/11 15:03:49.785, 0 %
2018/10/11 15:03:49.785, 0 %
2018/10/11 15:03:49.786, 0 %
2018/10/11 15:03:49.786, 0 %
2018/10/11 15:03:49.787, 0 %
2018/10/11 15:03:49.787, 0 %
2018/10/11 15:03:49.787, 0 %
2018/10/11 15:03:50.788, 0 %
2018/10/11 15:03:50.788, 0 %
2018/10/11 15:03:50.789, 0 %
2018/10/11 15:03:50.790, 0 %
2018/10/11 15:03:50.790, 0 %
2018/10/11 15:03:50.790, 0 %
2018/10/11 15:03:50.791, 0 %
2018/10/11 15:03:50.791, 0 %
2018/10/11 15:03:50.792, 0 %
2018/10/11 15:03:50.792, 0 %
2018/10/11 15:03:50.793, 0 %
2018/10/11 15:03:50.793, 0 %
2018/10/11 15:03:51.794, 0 %
2018/10/11 15:03:51.794, 0 %
2018/10/11 15:03:51.794, 0 %
2018/10/11 15:03:51.795, 0 %
2018/10/11 15:03:51.795, 0 %
2018/10/11 15:03:51.795, 0 %
2018/10/11 15:03:51.796, 100 %
2018/10/11 15:03:51.796, 0 %
2018/10/11 15:03:51.796, 0 %
2018/10/11 15:03:51.797, 0 %
2018/10/11 15:03:51.797, 0 %
2018/10/11 15:03:51.797, 0 %
2018/10/11 15:03:52.798, 0 %
2018/10/11 15:03:52.798, 0 %
2018/10/11 15:03:52.798, 0 %
2018/10/11 15:03:52.799, 0 %
2018/10/11 15:03:52.799, 0 %
2018/10/11 15:03:52.799, 0 %
2018/10/11 15:03:52.800, 0 %
2018/10/11 15:03:52.800, 0 %
2018/10/11 15:03:52.801, 0 %
2018/10/11 15:03:52.801, 0 %
2018/10/11 15:03:52.801, 0 %
2018/10/11 15:03:52.802, 0 %
2018/10/11 15:03:53.802, 0 %
2018/10/11 15:03:53.802, 0 %
2018/10/11 15:03:53.803, 0 %
2018/10/11 15:03:53.803, 0 %
2018/10/11 15:03:53.803, 0 %
2018/10/11 15:03:53.804, 0 %
2018/10/11 15:03:53.804, 50 %
2018/10/11 15:03:53.805, 0 %
2018/10/11 15:03:53.805, 0 %
2018/10/11 15:03:53.805, 0 %
2018/10/11 15:03:53.806, 0 %
2018/10/11 15:03:53.806, 0 %
2018/10/11 15:03:54.806, 0 %
2018/10/11 15:03:54.807, 0 %
2018/10/11 15:03:54.807, 0 %
2018/10/11 15:03:54.807, 0 %
2018/10/11 15:03:54.808, 0 %
2018/10/11 15:03:54.809, 0 %
2018/10/11 15:03:54.810, 0 %
2018/10/11 15:03:54.810, 0 %
2018/10/11 15:03:54.810, 0 %
2018/10/11 15:03:54.811, 0 %
2018/10/11 15:03:54.811, 0 %
2018/10/11 15:03:54.812, 0 %
2018/10/11 15:03:55.812, 0 %
2018/10/11 15:03:55.812, 0 %
2018/10/11 15:03:55.813, 0 %
2018/10/11 15:03:55.813, 0 %
2018/10/11 15:03:55.814, 0 %
2018/10/11 15:03:55.814, 0 %
2018/10/11 15:03:55.815, 31 %
2018/10/11 15:03:55.815, 0 %
2018/10/11 15:03:55.816, 0 %
2018/10/11 15:03:55.816, 0 %
2018/10/11 15:03:55.817, 0 %
2018/10/11 15:03:55.817, 0 %
2018/10/11 15:03:56.817, 0 %
2018/10/11 15:03:56.818, 0 %
2018/10/11 15:03:56.819, 0 %
2018/10/11 15:03:56.820, 0 %
2018/10/11 15:03:56.821, 0 %
2018/10/11 15:03:56.822, 0 %
2018/10/11 15:03:56.823, 15 %
2018/10/11 15:03:56.823, 0 %
2018/10/11 15:03:56.824, 0 %
2018/10/11 15:03:56.825, 0 %
2018/10/11 15:03:56.826, 0 %
2018/10/11 15:03:56.826, 0 %
2018/10/11 15:03:57.827, 0 %
2018/10/11 15:03:57.827, 0 %
2018/10/11 15:03:57.828, 0 %
2018/10/11 15:03:57.828, 0 %
2018/10/11 15:03:57.828, 0 %
2018/10/11 15:03:57.829, 0 %
2018/10/11 15:03:57.829, 67 %
2018/10/11 15:03:57.830, 0 %
2018/10/11 15:03:57.830, 0 %
2018/10/11 15:03:57.831, 0 %
2018/10/11 15:03:57.831, 0 %
2018/10/11 15:03:57.831, 0 %
2018/10/11 15:03:58.831, 0 %
2018/10/11 15:03:58.832, 0 %
2018/10/11 15:03:58.833, 0 %
2018/10/11 15:03:58.833, 0 %
2018/10/11 15:03:58.834, 0 %
2018/10/11 15:03:58.835, 0 %
2018/10/11 15:03:58.836, 1 %
2018/10/11 15:03:58.837, 0 %
2018/10/11 15:03:58.838, 0 %
2018/10/11 15:03:58.839, 0 %
2018/10/11 15:03:58.840, 0 %
2018/10/11 15:03:58.840, 0 %
2018/10/11 15:03:59.841, 0 %
2018/10/11 15:03:59.841, 0 %
2018/10/11 15:03:59.842, 0 %
2018/10/11 15:03:59.842, 0 %
2018/10/11 15:03:59.843, 0 %
2018/10/11 15:03:59.843, 0 %
2018/10/11 15:03:59.843, 100 %
2018/10/11 15:03:59.845, 0 %
2018/10/11 15:03:59.845, 0 %
2018/10/11 15:03:59.846, 0 %
2018/10/11 15:03:59.846, 0 %
2018/10/11 15:03:59.846, 0 %
2018/10/11 15:04:00.846, 0 %
2018/10/11 15:04:00.847, 0 %
2018/10/11 15:04:00.849, 0 %
2018/10/11 15:04:00.849, 0 %
2018/10/11 15:04:00.850, 0 %
2018/10/11 15:04:00.850, 0 %
2018/10/11 15:04:00.851, 99 %
2018/10/11 15:04:00.851, 0 %
2018/10/11 15:04:00.852, 0 %
2018/10/11 15:04:00.852, 0 %
2018/10/11 15:04:00.853, 0 %
2018/10/11 15:04:00.853, 0 %
2018/10/11 15:04:01.853, 0 %
2018/10/11 15:04:01.854, 0 %
2018/10/11 15:04:01.855, 0 %
2018/10/11 15:04:01.855, 0 %
2018/10/11 15:04:01.856, 0 %
2018/10/11 15:04:01.856, 0 %
2018/10/11 15:04:01.857, 96 %
2018/10/11 15:04:01.857, 0 %
2018/10/11 15:04:01.858, 0 %
2018/10/11 15:04:01.858, 0 %
2018/10/11 15:04:01.859, 0 %
2018/10/11 15:04:01.859, 0 %
2018/10/11 15:04:02.861, 0 %
2018/10/11 15:04:02.862, 0 %
2018/10/11 15:04:02.862, 0 %
2018/10/11 15:04:02.863, 0 %
2018/10/11 15:04:02.863, 0 %
2018/10/11 15:04:02.864, 0 %
2018/10/11 15:04:02.865, 21 %
2018/10/11 15:04:02.865, 0 %
2018/10/11 15:04:02.866, 0 %
2018/10/11 15:04:02.867, 0 %
2018/10/11 15:04:02.867, 0 %
2018/10/11 15:04:02.868, 0 %
2018/10/11 15:04:03.868, 0 %
2018/10/11 15:04:03.868, 0 %
2018/10/11 15:04:03.869, 0 %
2018/10/11 15:04:03.869, 0 %
2018/10/11 15:04:03.870, 0 %
2018/10/11 15:04:03.870, 0 %
2018/10/11 15:04:03.871, 100 %
2018/10/11 15:04:03.871, 0 %
2018/10/11 15:04:03.872, 0 %
2018/10/11 15:04:03.872, 0 %
2018/10/11 15:04:03.873, 0 %
2018/10/11 15:04:03.873, 0 %
2018/10/11 15:04:04.873, 0 %
2018/10/11 15:04:04.874, 0 %
2018/10/11 15:04:04.875, 0 %
2018/10/11 15:04:04.876, 0 %
2018/10/11 15:04:04.876, 0 %
2018/10/11 15:04:04.876, 0 %
2018/10/11 15:04:04.877, 38 %
2018/10/11 15:04:04.877, 0 %
2018/10/11 15:04:04.878, 0 %
2018/10/11 15:04:04.878, 0 %
2018/10/11 15:04:04.879, 0 %
2018/10/11 15:04:04.879, 0 %
2018/10/11 15:04:05.879, 0 %
2018/10/11 15:04:05.881, 0 %
2018/10/11 15:04:05.882, 0 %
2018/10/11 15:04:05.882, 0 %
2018/10/11 15:04:05.883, 0 %
2018/10/11 15:04:05.883, 0 %
2018/10/11 15:04:05.884, 17 %
2018/10/11 15:04:05.884, 0 %
2018/10/11 15:04:05.885, 0 %
2018/10/11 15:04:05.886, 0 %
2018/10/11 15:04:05.887, 0 %
2018/10/11 15:04:05.887, 0 %
2018/10/11 15:04:06.889, 0 %
2018/10/11 15:04:06.889, 0 %
2018/10/11 15:04:06.889, 0 %
2018/10/11 15:04:06.890, 0 %
2018/10/11 15:04:06.890, 0 %
2018/10/11 15:04:06.890, 0 %
2018/10/11 15:04:06.891, 0 %
2018/10/11 15:04:06.891, 0 %
2018/10/11 15:04:06.891, 0 %
2018/10/11 15:04:06.892, 0 %
2018/10/11 15:04:06.892, 0 %
2018/10/11 15:04:06.892, 0 %
2018/10/11 15:04:07.893, 0 %
2018/10/11 15:04:07.893, 0 %
2018/10/11 15:04:07.893, 0 %
2018/10/11 15:04:07.894, 0 %
2018/10/11 15:04:07.894, 0 %
2018/10/11 15:04:07.894, 0 %
2018/10/11 15:04:07.895, 100 %
2018/10/11 15:04:07.895, 0 %
2018/10/11 15:04:07.896, 0 %
2018/10/11 15:04:07.896, 0 %
2018/10/11 15:04:07.897, 0 %
2018/10/11 15:04:07.897, 0 %
2018/10/11 15:04:08.897, 0 %
2018/10/11 15:04:08.898, 0 %
2018/10/11 15:04:08.898, 0 %
2018/10/11 15:04:08.898, 0 %
2018/10/11 15:04:08.899, 0 %
2018/10/11 15:04:08.899, 0 %
2018/10/11 15:04:08.899, 0 %
2018/10/11 15:04:08.900, 0 %
2018/10/11 15:04:08.900, 0 %
2018/10/11 15:04:08.901, 0 %
2018/10/11 15:04:08.901, 0 %
2018/10/11 15:04:08.901, 0 %
2018/10/11 15:04:09.903, 0 %
2018/10/11 15:04:09.903, 0 %
2018/10/11 15:04:09.903, 0 %
2018/10/11 15:04:09.904, 0 %
2018/10/11 15:04:09.904, 0 %
2018/10/11 15:04:09.904, 0 %
2018/10/11 15:04:09.905, 0 %
2018/10/11 15:04:09.905, 0 %
2018/10/11 15:04:09.905, 0 %
2018/10/11 15:04:09.906, 0 %
2018/10/11 15:04:09.907, 0 %
2018/10/11 15:04:09.907, 0 %
2018/10/11 15:04:10.907, 0 %
2018/10/11 15:04:10.908, 0 %
2018/10/11 15:04:10.908, 0 %
2018/10/11 15:04:10.908, 0 %
2018/10/11 15:04:10.909, 0 %
2018/10/11 15:04:10.909, 0 %
2018/10/11 15:04:10.909, 12 %
2018/10/11 15:04:10.910, 0 %
2018/10/11 15:04:10.910, 0 %
2018/10/11 15:04:10.911, 0 %
2018/10/11 15:04:10.911, 0 %
2018/10/11 15:04:10.911, 0 %
2018/10/11 15:04:11.913, 0 %
2018/10/11 15:04:11.913, 0 %
2018/10/11 15:04:11.913, 0 %
2018/10/11 15:04:11.914, 0 %
2018/10/11 15:04:11.914, 0 %
2018/10/11 15:04:11.914, 0 %
2018/10/11 15:04:11.915, 19 %
2018/10/11 15:04:11.915, 0 %
2018/10/11 15:04:11.915, 0 %
2018/10/11 15:04:11.916, 0 %
2018/10/11 15:04:11.916, 0 %
2018/10/11 15:04:11.917, 0 %
2018/10/11 15:04:12.917, 0 %
2018/10/11 15:04:12.917, 0 %
2018/10/11 15:04:12.918, 0 %
2018/10/11 15:04:12.918, 0 %
2018/10/11 15:04:12.918, 0 %
2018/10/11 15:04:12.919, 0 %
2018/10/11 15:04:12.919, 0 %
2018/10/11 15:04:12.920, 0 %
2018/10/11 15:04:12.920, 0 %
2018/10/11 15:04:12.920, 0 %
2018/10/11 15:04:12.922, 0 %
2018/10/11 15:04:12.922, 0 %
2018/10/11 15:04:13.923, 0 %
2018/10/11 15:04:13.923, 0 %
2018/10/11 15:04:13.924, 0 %
2018/10/11 15:04:13.924, 0 %
2018/10/11 15:04:13.924, 0 %
2018/10/11 15:04:13.925, 0 %
2018/10/11 15:04:13.925, 0 %
2018/10/11 15:04:13.926, 0 %
2018/10/11 15:04:13.926, 0 %
2018/10/11 15:04:13.927, 0 %
2018/10/11 15:04:13.927, 0 %
2018/10/11 15:04:13.928, 0 %
2018/10/11 15:04:14.929, 0 %
2018/10/11 15:04:14.930, 0 %
2018/10/11 15:04:14.930, 0 %
2018/10/11 15:04:14.930, 0 %
2018/10/11 15:04:14.931, 0 %
2018/10/11 15:04:14.931, 0 %
2018/10/11 15:04:14.931, 0 %
2018/10/11 15:04:14.932, 0 %
2018/10/11 15:04:14.932, 0 %
2018/10/11 15:04:14.933, 0 %
2018/10/11 15:04:14.934, 0 %
2018/10/11 15:04:14.934, 0 %
2018/10/11 15:04:15.935, 0 %
2018/10/11 15:04:15.936, 0 %
2018/10/11 15:04:15.937, 0 %
2018/10/11 15:04:15.937, 0 %
2018/10/11 15:04:15.938, 0 %
2018/10/11 15:04:15.938, 0 %
2018/10/11 15:04:15.939, 30 %
2018/10/11 15:04:15.940, 0 %
2018/10/11 15:04:15.940, 0 %
2018/10/11 15:04:15.941, 0 %
2018/10/11 15:04:15.941, 0 %
2018/10/11 15:04:15.942, 0 %
2018/10/11 15:04:16.942, 0 %
2018/10/11 15:04:16.942, 0 %
2018/10/11 15:04:16.943, 0 %
2018/10/11 15:04:16.943, 0 %
2018/10/11 15:04:16.943, 0 %
2018/10/11 15:04:16.944, 0 %
2018/10/11 15:04:16.945, 0 %
2018/10/11 15:04:16.945, 0 %
2018/10/11 15:04:16.946, 0 %
2018/10/11 15:04:16.946, 0 %
2018/10/11 15:04:16.947, 0 %
2018/10/11 15:04:16.947, 0 %
2018/10/11 15:04:17.947, 0 %
2018/10/11 15:04:17.948, 0 %
2018/10/11 15:04:17.948, 0 %
2018/10/11 15:04:17.948, 0 %
2018/10/11 15:04:17.949, 0 %
2018/10/11 15:04:17.949, 0 %
2018/10/11 15:04:17.949, 0 %
2018/10/11 15:04:17.949, 0 %
2018/10/11 15:04:17.951, 0 %
2018/10/11 15:04:17.951, 0 %
2018/10/11 15:04:17.952, 0 %
2018/10/11 15:04:17.952, 0 %
2018/10/11 15:04:18.952, 0 %
2018/10/11 15:04:18.953, 0 %
2018/10/11 15:04:18.953, 0 %
2018/10/11 15:04:18.954, 0 %
2018/10/11 15:04:18.955, 0 %
2018/10/11 15:04:18.955, 0 %
2018/10/11 15:04:18.955, 1 %
2018/10/11 15:04:18.956, 0 %
2018/10/11 15:04:18.956, 0 %
2018/10/11 15:04:18.957, 0 %
2018/10/11 15:04:18.957, 0 %
2018/10/11 15:04:18.958, 0 %
2018/10/11 15:04:19.958, 0 %
2018/10/11 15:04:19.959, 0 %
2018/10/11 15:04:19.959, 0 %
2018/10/11 15:04:19.959, 0 %
2018/10/11 15:04:19.959, 0 %
2018/10/11 15:04:19.960, 0 %
2018/10/11 15:04:19.960, 0 %
2018/10/11 15:04:19.960, 0 %
2018/10/11 15:04:19.961, 0 %
2018/10/11 15:04:19.962, 0 %
2018/10/11 15:04:19.962, 0 %
2018/10/11 15:04:19.963, 0 %
2018/10/11 15:04:20.963, 0 %
2018/10/11 15:04:20.964, 0 %
2018/10/11 15:04:20.964, 0 %
2018/10/11 15:04:20.964, 0 %
2018/10/11 15:04:20.964, 0 %
2018/10/11 15:04:20.965, 0 %
2018/10/11 15:04:20.965, 40 %
2018/10/11 15:04:20.966, 0 %
2018/10/11 15:04:20.966, 0 %
2018/10/11 15:04:20.967, 0 %
2018/10/11 15:04:20.967, 0 %
2018/10/11 15:04:20.967, 0 %
2018/10/11 15:04:21.968, 0 %
2018/10/11 15:04:21.968, 0 %
2018/10/11 15:04:21.968, 0 %
2018/10/11 15:04:21.969, 0 %
2018/10/11 15:04:21.969, 0 %
2018/10/11 15:04:21.970, 0 %
2018/10/11 15:04:21.971, 0 %
2018/10/11 15:04:21.971, 0 %
2018/10/11 15:04:21.972, 0 %
2018/10/11 15:04:21.972, 0 %
2018/10/11 15:04:21.973, 0 %
2018/10/11 15:04:21.973, 0 %
2018/10/11 15:04:22.974, 0 %
2018/10/11 15:04:22.974, 0 %
2018/10/11 15:04:22.974, 0 %
2018/10/11 15:04:22.975, 0 %
2018/10/11 15:04:22.975, 0 %
2018/10/11 15:04:22.976, 0 %
2018/10/11 15:04:22.977, 16 %
2018/10/11 15:04:22.977, 0 %
2018/10/11 15:04:22.978, 0 %
2018/10/11 15:04:22.979, 0 %
2018/10/11 15:04:22.980, 0 %
2018/10/11 15:04:22.980, 0 %
2018/10/11 15:04:23.980, 0 %
2018/10/11 15:04:23.981, 0 %
2018/10/11 15:04:23.981, 0 %
2018/10/11 15:04:23.981, 0 %
2018/10/11 15:04:23.982, 0 %
2018/10/11 15:04:23.982, 0 %
2018/10/11 15:04:23.983, 0 %
2018/10/11 15:04:23.983, 0 %
2018/10/11 15:04:23.984, 0 %
2018/10/11 15:04:23.984, 0 %
2018/10/11 15:04:23.984, 0 %
2018/10/11 15:04:23.985, 0 %
2018/10/11 15:04:24.985, 0 %
2018/10/11 15:04:24.986, 0 %
2018/10/11 15:04:24.986, 0 %
2018/10/11 15:04:24.987, 0 %
2018/10/11 15:04:24.987, 0 %
2018/10/11 15:04:24.987, 0 %
2018/10/11 15:04:24.988, 100 %
2018/10/11 15:04:24.988, 0 %
2018/10/11 15:04:24.989, 0 %
2018/10/11 15:04:24.989, 0 %
2018/10/11 15:04:24.989, 0 %
2018/10/11 15:04:24.990, 0 %
2018/10/11 15:04:25.990, 0 %
2018/10/11 15:04:25.990, 0 %
2018/10/11 15:04:25.991, 0 %
2018/10/11 15:04:25.991, 0 %
2018/10/11 15:04:25.991, 0 %
2018/10/11 15:04:25.992, 0 %
2018/10/11 15:04:25.992, 0 %
2018/10/11 15:04:25.992, 0 %
2018/10/11 15:04:25.993, 0 %
2018/10/11 15:04:25.993, 0 %
2018/10/11 15:04:25.993, 0 %
2018/10/11 15:04:25.994, 0 %
2018/10/11 15:04:26.994, 0 %
2018/10/11 15:04:26.994, 0 %
2018/10/11 15:04:26.995, 0 %
2018/10/11 15:04:26.995, 0 %
2018/10/11 15:04:26.995, 0 %
2018/10/11 15:04:26.996, 0 %
2018/10/11 15:04:26.996, 0 %
2018/10/11 15:04:26.996, 0 %
2018/10/11 15:04:26.997, 0 %
2018/10/11 15:04:26.997, 0 %
2018/10/11 15:04:26.998, 0 %
2018/10/11 15:04:26.998, 0 %
2018/10/11 15:04:27.999, 0 %
2018/10/11 15:04:28.000, 0 %
2018/10/11 15:04:28.000, 0 %
2018/10/11 15:04:28.001, 0 %
2018/10/11 15:04:28.002, 0 %
2018/10/11 15:04:28.002, 0 %
2018/10/11 15:04:28.002, 0 %
2018/10/11 15:04:28.003, 0 %
2018/10/11 15:04:28.003, 0 %
2018/10/11 15:04:28.003, 0 %
2018/10/11 15:04:28.004, 0 %
2018/10/11 15:04:28.004, 0 %
2018/10/11 15:04:29.004, 0 %
2018/10/11 15:04:29.005, 0 %
2018/10/11 15:04:29.005, 0 %
2018/10/11 15:04:29.005, 0 %
2018/10/11 15:04:29.006, 0 %
2018/10/11 15:04:29.006, 0 %
2018/10/11 15:04:29.006, 0 %
2018/10/11 15:04:29.007, 0 %
2018/10/11 15:04:29.007, 0 %
2018/10/11 15:04:29.008, 0 %
2018/10/11 15:04:29.008, 0 %
2018/10/11 15:04:29.008, 0 %
2018/10/11 15:04:30.009, 0 %
2018/10/11 15:04:30.009, 0 %
2018/10/11 15:04:30.009, 0 %
2018/10/11 15:04:30.010, 0 %
2018/10/11 15:04:30.010, 0 %
2018/10/11 15:04:30.011, 0 %
2018/10/11 15:04:30.012, 2 %
2018/10/11 15:04:30.013, 0 %
2018/10/11 15:04:30.014, 0 %
2018/10/11 15:04:30.015, 0 %
2018/10/11 15:04:30.015, 0 %
2018/10/11 15:04:30.016, 0 %
2018/10/11 15:04:31.016, 0 %
2018/10/11 15:04:31.017, 0 %
2018/10/11 15:04:31.017, 0 %
2018/10/11 15:04:31.018, 0 %
2018/10/11 15:04:31.018, 0 %
2018/10/11 15:04:31.019, 0 %
2018/10/11 15:04:31.019, 1 %
2018/10/11 15:04:31.020, 0 %
2018/10/11 15:04:31.021, 0 %
2018/10/11 15:04:31.021, 0 %
2018/10/11 15:04:31.022, 0 %
2018/10/11 15:04:31.022, 0 %
2018/10/11 15:04:32.023, 0 %
2018/10/11 15:04:32.024, 0 %
2018/10/11 15:04:32.024, 0 %
2018/10/11 15:04:32.025, 0 %
2018/10/11 15:04:32.026, 0 %
2018/10/11 15:04:32.028, 0 %
2018/10/11 15:04:32.028, 3 %
2018/10/11 15:04:32.029, 0 %
2018/10/11 15:04:32.030, 0 %
2018/10/11 15:04:32.031, 0 %
2018/10/11 15:04:32.032, 0 %
2018/10/11 15:04:32.033, 0 %
2018/10/11 15:04:33.034, 0 %
2018/10/11 15:04:33.034, 0 %
2018/10/11 15:04:33.034, 0 %
2018/10/11 15:04:33.035, 0 %
2018/10/11 15:04:33.036, 0 %
2018/10/11 15:04:33.036, 0 %
2018/10/11 15:04:33.037, 100 %
2018/10/11 15:04:33.037, 0 %
2018/10/11 15:04:33.037, 0 %
2018/10/11 15:04:33.038, 0 %
2018/10/11 15:04:33.038, 0 %
2018/10/11 15:04:33.039, 0 %
2018/10/11 15:04:34.039, 0 %
2018/10/11 15:04:34.040, 0 %
2018/10/11 15:04:34.041, 0 %
2018/10/11 15:04:34.041, 0 %
2018/10/11 15:04:34.042, 0 %
2018/10/11 15:04:34.042, 0 %
2018/10/11 15:04:34.043, 36 %
2018/10/11 15:04:34.043, 0 %
2018/10/11 15:04:34.044, 0 %
2018/10/11 15:04:34.044, 0 %
2018/10/11 15:04:34.045, 0 %
2018/10/11 15:04:34.045, 0 %
2018/10/11 15:04:35.046, 0 %
2018/10/11 15:04:35.046, 0 %
2018/10/11 15:04:35.046, 0 %
2018/10/11 15:04:35.046, 0 %
2018/10/11 15:04:35.047, 0 %
2018/10/11 15:04:35.047, 0 %
2018/10/11 15:04:35.047, 76 %
2018/10/11 15:04:35.048, 0 %
2018/10/11 15:04:35.048, 0 %
2018/10/11 15:04:35.048, 0 %
2018/10/11 15:04:35.049, 0 %
2018/10/11 15:04:35.049, 0 %
2018/10/11 15:04:36.049, 0 %
2018/10/11 15:04:36.050, 0 %
2018/10/11 15:04:36.050, 0 %
2018/10/11 15:04:36.050, 0 %
2018/10/11 15:04:36.051, 0 %
2018/10/11 15:04:36.051, 0 %
2018/10/11 15:04:36.051, 0 %
2018/10/11 15:04:36.052, 0 %
2018/10/11 15:04:36.052, 0 %
2018/10/11 15:04:36.052, 0 %
2018/10/11 15:04:36.053, 0 %
2018/10/11 15:04:36.054, 0 %
2018/10/11 15:04:37.054, 0 %
2018/10/11 15:04:37.055, 0 %
2018/10/11 15:04:37.055, 0 %
2018/10/11 15:04:37.055, 0 %
2018/10/11 15:04:37.056, 0 %
2018/10/11 15:04:37.056, 0 %
2018/10/11 15:04:37.057, 0 %
2018/10/11 15:04:37.057, 0 %
2018/10/11 15:04:37.057, 0 %
2018/10/11 15:04:37.058, 0 %
2018/10/11 15:04:37.058, 0 %
2018/10/11 15:04:37.058, 0 %
2018/10/11 15:04:38.059, 0 %
2018/10/11 15:04:38.059, 0 %
2018/10/11 15:04:38.059, 0 %
2018/10/11 15:04:38.060, 0 %
2018/10/11 15:04:38.060, 0 %
2018/10/11 15:04:38.060, 0 %
2018/10/11 15:04:38.061, 0 %
2018/10/11 15:04:38.061, 0 %
2018/10/11 15:04:38.061, 0 %
2018/10/11 15:04:38.062, 0 %
2018/10/11 15:04:38.062, 0 %
2018/10/11 15:04:38.062, 0 %
2018/10/11 15:04:39.063, 0 %
2018/10/11 15:04:39.063, 0 %
2018/10/11 15:04:39.063, 0 %
2018/10/11 15:04:39.064, 0 %
2018/10/11 15:04:39.064, 0 %
2018/10/11 15:04:39.064, 0 %
2018/10/11 15:04:39.065, 0 %
2018/10/11 15:04:39.065, 0 %
2018/10/11 15:04:39.065, 0 %
2018/10/11 15:04:39.066, 0 %
2018/10/11 15:04:39.066, 0 %
2018/10/11 15:04:39.066, 0 %
2018/10/11 15:04:40.067, 0 %
2018/10/11 15:04:40.067, 0 %
2018/10/11 15:04:40.067, 0 %
2018/10/11 15:04:40.068, 0 %
2018/10/11 15:04:40.069, 0 %
2018/10/11 15:04:40.069, 0 %
2018/10/11 15:04:40.070, 0 %
2018/10/11 15:04:40.070, 0 %
2018/10/11 15:04:40.070, 0 %
2018/10/11 15:04:40.071, 0 %
2018/10/11 15:04:40.071, 0 %
2018/10/11 15:04:40.071, 0 %
2018/10/11 15:04:41.072, 0 %
2018/10/11 15:04:41.073, 0 %
2018/10/11 15:04:41.073, 0 %
2018/10/11 15:04:41.073, 0 %
2018/10/11 15:04:41.073, 0 %
2018/10/11 15:04:41.074, 0 %
2018/10/11 15:04:41.074, 0 %
2018/10/11 15:04:41.074, 0 %
2018/10/11 15:04:41.075, 0 %
2018/10/11 15:04:41.075, 0 %
2018/10/11 15:04:41.076, 0 %
2018/10/11 15:04:41.076, 0 %
2018/10/11 15:04:42.076, 0 %
2018/10/11 15:04:42.077, 0 %
2018/10/11 15:04:42.077, 0 %
2018/10/11 15:04:42.077, 0 %
2018/10/11 15:04:42.077, 0 %
2018/10/11 15:04:42.078, 0 %
2018/10/11 15:04:42.078, 0 %
2018/10/11 15:04:42.078, 0 %
2018/10/11 15:04:42.079, 0 %
2018/10/11 15:04:42.079, 0 %
2018/10/11 15:04:42.080, 0 %
2018/10/11 15:04:42.080, 0 %
2018/10/11 15:04:43.080, 0 %
2018/10/11 15:04:43.081, 0 %
2018/10/11 15:04:43.081, 0 %
2018/10/11 15:04:43.081, 0 %
2018/10/11 15:04:43.081, 0 %
2018/10/11 15:04:43.082, 0 %
2018/10/11 15:04:43.082, 0 %
2018/10/11 15:04:43.082, 0 %
2018/10/11 15:04:43.083, 0 %
2018/10/11 15:04:43.083, 0 %
2018/10/11 15:04:43.083, 0 %
2018/10/11 15:04:43.083, 0 %
2018/10/11 15:04:44.084, 0 %
2018/10/11 15:04:44.085, 0 %
2018/10/11 15:04:44.085, 0 %
2018/10/11 15:04:44.085, 0 %
2018/10/11 15:04:44.086, 0 %
2018/10/11 15:04:44.086, 0 %
2018/10/11 15:04:44.086, 0 %
2018/10/11 15:04:44.087, 0 %
2018/10/11 15:04:44.087, 0 %
2018/10/11 15:04:44.088, 0 %
2018/10/11 15:04:44.090, 0 %
2018/10/11 15:04:44.090, 0 %
2018/10/11 15:04:45.091, 0 %
2018/10/11 15:04:45.092, 0 %
2018/10/11 15:04:45.092, 0 %
2018/10/11 15:04:45.092, 0 %
2018/10/11 15:04:45.093, 0 %
2018/10/11 15:04:45.093, 0 %
2018/10/11 15:04:45.093, 0 %
2018/10/11 15:04:45.094, 0 %
2018/10/11 15:04:45.094, 0 %
2018/10/11 15:04:45.095, 0 %
2018/10/11 15:04:45.095, 0 %
2018/10/11 15:04:45.095, 0 %
2018/10/11 15:04:46.096, 0 %
2018/10/11 15:04:46.096, 0 %
2018/10/11 15:04:46.097, 0 %
2018/10/11 15:04:46.097, 0 %
2018/10/11 15:04:46.097, 0 %
2018/10/11 15:04:46.098, 0 %
2018/10/11 15:04:46.098, 0 %
2018/10/11 15:04:46.099, 0 %
2018/10/11 15:04:46.101, 0 %
2018/10/11 15:04:46.101, 0 %
2018/10/11 15:04:46.102, 0 %
2018/10/11 15:04:46.102, 0 %
2018/10/11 15:04:47.103, 0 %
2018/10/11 15:04:47.103, 0 %
2018/10/11 15:04:47.103, 0 %
2018/10/11 15:04:47.104, 0 %
2018/10/11 15:04:47.105, 0 %
2018/10/11 15:04:47.105, 0 %
2018/10/11 15:04:47.105, 0 %
2018/10/11 15:04:47.106, 0 %
2018/10/11 15:04:47.106, 0 %
2018/10/11 15:04:47.106, 0 %
2018/10/11 15:04:47.107, 0 %
2018/10/11 15:04:47.107, 0 %
